"","title","author","time","scraping_time","content_url","content","response","viewcount"
"1","索尼停工 全球CIS供應拉警報","大昌期貨吳佳靜","2016-04-18_16:11","2016-08-13_17:35:57","http://www.moneydj.com/forum/showtopic-123540.aspx","日本九州熊本縣連續兩天發生強烈地震，包括索尼、瑞薩、三菱電機等日本IDM大廠位於災區的晶圓廠都已宣布停工。其中，索尼位於熊本縣菊池郡的CMOS影像感測器（CIS）生產線停工，不僅影響智慧型手機廠第二季備貨，若停工日期拉長到5月，恐怕導致CIS市場出現缺貨危機。半導體業者表示，今年初台南發生6.4級強震，已對台積電、聯電的晶圓產能造成影響，台積電花了2個星期才回復地震前產能，有包括9萬片12吋晶圓因此延後到第二季才能出貨。此次日本熊本在3天內發生2次強震，且後續餘震不斷，在餘震次數未明顯減少前，日本IDM廠很難開始進行善後。據了解，日本三菱電機位於熊本合志市用來生產功率半導體的晶圓廠已停工，該廠換算月產能達10萬片8吋約當晶圓。日本瑞薩在熊本市南區的8吋晶圓廠、位於菊池郡的封測廠也處於停工狀態。再者，日本富士通入股的測試廠TeraProbe位於熊本葦北郡的測試廠同樣已宣布停工。索尼是此次受影響最嚴重的業者。索尼位於熊本菊池郡的12吋晶圓廠，主要用來生產CCD/CMOS影像感測器，月產能達2.4萬片，現在處於停工狀態。索尼CIS元件在全球智慧型手機擁有極高市占率，蘋果iPhone及三星Galaxy智慧型手機都採索尼CIS感測器。業者表示，雖然生產鏈仍有庫存，但以過去半導體廠處理地震問題經驗來看，索尼光是清理報廢及損傷晶圓、將設備參數調整回地震前情況，最快也要3週時間。所以，現在若停工時間拉的太長，到月底才開始復工的話，將會對CIS元件市場供應造成衝擊，不僅智慧型手機廠第二季的備貨會受到影響，800萬以上高畫素CIS元件恐怕得面臨嚴重的缺貨危機。資料來源:中時電子","0 "," 200"
"2","熊本大地震影響，投顧點評三類股。","NINE(大昌期貨)","2016-04-18_16:00","2016-08-13_17:35:59","http://www.moneydj.com/forum/showtopic-123537.aspx","近日打開新聞一定會看到關於熊本大地震的消息，NINE覺得比之人禍帶給人的憤怒，天災真的會讓人覺得很無力、而且不知所措。這種時候又會特別感性的想，這一生不求大富大貴，但願身邊有人常伴，直至終老。畢竟無論生離還是死別，都太苦了。那這次天災對台灣產業又有什麼影響呢，一起看到來自經濟日報的報導。日本熊本大地震，法人圈評估對台股的影響，其中，在Sony熊本CIS工廠停工後，台新投顧認為，Sony目前仍有長崎與山形兩工廠仍正常運作，至少仍有七成左右的產能可以供應，加上Sony去年擴充產能達50%以上、及受到美系大客戶下修供應量影響，短期看來CIS在1個月內的供貨影響不大。在手機供應鏈部分，尚立目前代理SonyCIS的營收占比高達九成，由於Sony將優先穩定大客戶的貨源，所以若熊本工廠不能在1~2個月內順利復工，將會先受到影響，但短期看來仍屬於消息面的利空為主；若Sony熊本工廠復工時間拉長，將有機會轉單三星及豪威，同欣電的影像產品約占營收三成（主要客戶OmniVision，用於手機），中長期效應仍有待觀察。日本面板產業部分，光板上遊TAC膜大廠Fujifilm工廠停工，其TAC在偏光膜全球市佔約58%，預期短期將造成市場缺料疑慮。但目前國內偏光板廠奇美材等庫存約2個月，因此，台新投顧認為，短線市場雖反應傳出漲價聲浪，有利面板供應鏈短期股價表現，但歷史經驗是通常上遊廠1個月將完成調整，不至於對偏光板業者產供給造成影響，而其他TAC膜供應商Konica、日本觸媒、達輝等可望受惠於轉單，但Fujifilm工廠並未顯著受損，預期1個月內調整後將完全復工。","0 "," 305"
"3","新宇3C 0954-033355 收手機 舊手機回收價格 台北收購中古手機 蘋果中古手機買賣 高價回收手機","syu3c01","2016-04-18_14:35","2016-08-13_17:36:01","http://www.moneydj.com/forum/showtopic-123524.aspx","新宇3C高價收購電腦主機、筆記型電腦、平板電腦、液晶螢幕，現金收購當面交易，公司經營買賣單純，歡迎來電，全台收購服務據點-台北/桃園/新竹/苗栗/台中/彰化/嘉義/台南/高雄/屏東若您有以下物品要賣，歡迎來電新宇3C全台服務專線0954-033-355收購筆記型電腦：Asus、Acer、Sony、Apple、各大品牌筆記型電腦收購電腦主機：Intel系列主機、AMD系列主機、獨顯遊戲主機、蘋果電腦iMac、MacPro、MacMini、AllInOnePc、各大品牌電腦主機收購LCD、LED螢幕：22吋、24吋、26吋、27吋以上螢幕、各大品牌電腦螢幕收購平板電腦：iPad平板電腦、Samsung平板電腦、Asus平板電腦、各大品牌平板電腦，本公司專屬官方網站http://www.syu3c.com/Facebook官方粉絲團https://www.facebook.com/syu3c期待您的來電:新宇3C0954-033-355【一次交易一輩子的朋友】，限來源正當物品贓物勿擾，來路不明商品本公司拒絕提供收購服務，請多多包含!!現在就打服務專線0954-033-355，約好時間、地點，立刻現金交易為了因應廣大網友需求，本公司經過審慎評估，特別擴大營業全台服務據點，不同於其他3C收購商，給您更多元化、更貼近生活的二手收購服務歡迎電洽，服務時間為上午10:00~晚上22:00LINEID帳號『syu3c』只有專業的服務團隊，才能給您真正高品質的服務，從來電、估價、交易、成交，都有專業人員專責處理，新宇3C看得到您物品的真正價值，因此絕不胡亂開價。","0 "," 312"
"4","ARM攜手聯電，搶攻車用電子、IoT應用","吳冠蓉","2016-04-18_14:31","2016-08-13_17:36:02","http://www.moneydj.com/forum/showtopic-123523.aspx","【時報記者施蒔穎台北報導】全球IP矽智財授權領導廠商ARM與全球晶圓專工大廠聯華電子(2303)宣布，將展開新的策略聯盟，ARM表示，此項策略聯盟範圍包含車用電子、物聯網(IoT)及行動產品的應用。ARM與聯華電子進行策略聯盟，雙方共同研發多個實體IP平台，使聯華電子的客戶得以輕鬆將ARMRArtisan實體IP實作於SoC設計當中，有效縮短上市時間。ARM表示，此項策略聯盟從適用於物聯網應用的55ULP平台，乃至於適用最先進行動應用的14奈米FinFET測試晶片均涵蓋在內，可望進一步鞏固ARM在半導體產業中邏輯與記憶體IP的領導地位。ARM實體IP設計事業部總經理WillAbbey表示，由於連網世界的複雜度日益增加，使我們對於行動裝置、物聯網及嵌入式市場的要求亦隨之提高，而聯華電子選擇ARM作為其主要實體IP供應商，使雙方共同的晶片設計的客戶均能獲得穩健的工具和平台，可以實現最佳化SoC實作並加速上市時間。聯華電子負責矽智財研發暨設計支援的資深副總簡山傑表示，為了協助我們的客戶掌握眼前的新契機，我們進一步延伸深化與ARM的合作，持續提供更多元的設計平台，從而提升整合度，進一步提高效能優勢與省電效益。","0 "," 202"
"5","2016.04.18價值投機-持股","價值投機","2016-04-18_13:38","2016-08-13_17:36:04","http://www.moneydj.com/forum/showtopic-123522.aspx","目前的投機組合[中長多]：F-jpp(5284)、中磊(5388)、光聖(6442)、博大(8109)、群聯(8299)、F-百和(8404)、實威(8416)、F-大地(8437)、百和(9938)。目前的投機組合[短多]：凱撒衛(1817)、美律(2439)。平倉：千附(8383)：+6.61%建倉：美律(2439)、實威(8416)","0 "," 205"
"6","熊本強震 台部分汽機車零件廠可受惠","吳冠蓉","2016-04-18_12:58","2016-08-13_17:36:06","http://www.moneydj.com/forum/showtopic-123519.aspx","（中央社記者鍾榮峰台北2016年4月18日電）日本熊本強震，破壞豐田汽車（Toyota）供應鏈，本田（Honda）機車工廠將停止組裝到22日。整體觀察，在台上市櫃汽機車零部件廠商無影響，部分反而可受惠轉單效應。日本熊本繼14日晚間發生規模6.5的地震後，16日凌晨又發生規模7.3地震。熊本地區是日本重要的製造業重鎮。外電報導，強震破壞豐田汽車（ToyotaMotor）供應鏈，影響擴大導致全國工廠停產。產業人士透露，汽車商本田（Honda）在熊本的機車工廠，將停止組裝到4月22日。本田在全球各地的日籍主管，部分已經搭機回到熊本支援後續作業，本田的熊本工廠以生產重型機車為主。外界關注熊本強震對於台灣上市櫃汽機車零部件供應廠商的牽動程度。目前來看，相關廠商並未受到熊本強震影響，有些廠商可能有機會受惠轉單效應。東陽（1319）指出，日本熊本強震對東陽沒有影響。法人表示，東陽切入Toyota供應系統，提供少部分選配電鍍件產品，熊本強震對東陽無影響。世德工業（2066）表示，熊本強震對世德沒有影響。法人指出，世德工業切入北美市場Toyota供應鏈，不僅沒有受到熊本強震影響，反而由於日本當地Toyota暫時停產，相關零部件供應可能轉單，有機會受惠。F-百達（2236）指出，公司在日本東京設有研發單位，熊本強震對東京研發單位沒有影響。F-百達表示，公司切入印尼市場Toyota相關供應鏈，零部件產品主要當地生產，沒有受到日本熊本強震影響。F-達輝（5276）表示，目前為止並沒有重大影響。法人指出，F-達輝在馬來西亞生產機車零組件，產品線涵蓋機車配線束、機車碼錶和機車燈具模組3大產品。主要客戶包括日系廠商YAMAHA、Honda、Suzuki和馬來西亞摩托車廠MODENAS等。F-豐祥（5288）指出，熊本強震對豐祥汽機車零部件生產沒有影響。法人表示，F-豐祥機車零組件主要客戶及市場，集中在越南內銷市場，以日系客戶Honda和YAMAHA為主。F-豐祥越南廠生產傳統摩托車零部件，本田在熊本的機車工廠不影響F-豐祥越南廠生產。在汽車部分，F-豐祥切入越南當地Toyota相關供應鏈，法人表示，越南Toyota相關零部件主要從泰國進口，F-豐祥在當地的生產作業不受影響。車燈大廠大億（1521）表示，沒有受到熊本強震影響。法人指出，大億出貨給日本小系製作所應用在馬自達（Mazda）和Suzuki的車燈產品持續穩健。","0 "," 204"
"7","熊本強震 生產活動全停擺/電子業陷斷鏈危機","大昌期貨琳琳","2016-04-18_12:39","2016-08-13_17:36:08","http://www.moneydj.com/forum/showtopic-123517.aspx","熊本強震生產活動全停擺/i7出貨恐遞延/豐田.本田.三菱.Sony等當地工廠停工/電子業陷斷鏈危機2016-04-1802:00:13經濟日報編譯謝汶均／綜合外電汽車、電子、觀光業受創豐田、本田、三菱、Sony等當地工廠停工日本九州熊本兩度遭受強烈地震襲擊，當地的空中以及陸上交通幾乎都已癱瘓，旅遊業受重創；Sony、豐田和三菱等許多日本重要企業，都在此設廠，生產活動多已停擺，日本原已疲軟的經濟這下受創更深。九州的汽車生產量占日本逾10%，產能約130萬輛。汽車零件生產商愛信精機（AisinSeiki）專門生產汽車引擎零件的熊本廠也在地震中受創，加上交通中斷，零組件無法送到工廠，因此就算如豐田和日產汽車在當地的工廠未受地震影響，卻仍因為無法取得零件而停擺。豐田汽車表示，其工廠並未受到損害，但他們正在確認供應商的受損情形，豐田九州廠將於18日起分階段停產，此措施會一直延續到23日。本田位於熊本的機車工廠將停工到18日，這座廠房每年生產25萬輛機車。三菱電機旗下兩座位於熊本的工廠也已停工，這兩家工廠一家生產用於汽車導航顯示面板的液晶顯示器（LCD），另一家生產用於各式電子產品變壓器的半導體晶片。三菱汽車則決定從18日晚上到19日整天暫停岡山縣水島工廠的生產，這座工廠離九州並不遠。Sony生產相機及智慧手機用影像感測器的工廠，從14日關閉至今，但位於九州長崎市及大分縣的影像感測器工廠已全面恢復營運。瑞薩電子（Renesas）自14日也關閉生產汽車微控制器的熊本廠。三星電子指出，他們已分散生產影像感測器的工廠，這兩場地震並不會影響到其旗艦商品的生產。在旅遊業方面，中國外交部16日指示民眾在5月16日前都不要前往熊本縣。熊本強震i7出貨恐遞延2016-04-1802:52:00經濟日報記者謝艾莉、簡威瑟、邱金蘭／台北報導一波未平一波又起新筆電MacbookAir零組件供貨也傳不順供應鏈短期黯淡日本熊本強震震傷半導體與光學供應鏈，恐導致蘋果iPhone7新機拉貨受影響之際，歐系外資點名，蘋果新款MacbookAir筆電供應鏈雖未受強震波及，但傳出關鍵零組件供貨不順，導致MacbookAir新機出貨時間恐延後，使蘋概股短期後市再度蒙塵。歐系外資出具報告指出，Macbook受零組件量產延遲影響，出貨時間可能從第2季中旬延後到第2季底或第3季初，但此次零組件供應不順，與熊本強震無關。市場猜測，由於新款MacbookAir將大改款，可能因為許多零組件升級狀況不如預期，因而延誤交期。法人指出，iPhone與MacbookAir是現階段維繫台灣電子業出貨的兩大主要動能，隨著熊本強震導致索尼供應蘋果的CMOS感測元件（CIS）產能受創，迄今尚無法估計影響，MacbookAir也傳出零組件供貨不順可能導致延後出貨的問題，對台灣鴻海、和碩、廣達、可成等後市，影響不小。此外，蘋概股占台股權重不小，也是台股人氣指標，台積電、大立光法說會均坦言高階手機市況不佳，間接證實蘋果iPhone出貨狀況低於預期，此時iPhone與MacbookAir也傳出供應鏈不順的問題，對今天台股走勢的影響，值得關注。蘋果Mac系列筆電去年出貨大放異彩，全球市占率衝上10.3%，首度超越華碩、躍居第四名。由於現階段全球筆電需求仍疲弱，相關組件廠都將今年出貨動能放在蘋果新產品上。目前尚無法得知是哪個零組件出貨不順，可能導致新款MacbookAir筆電出貨遞延。對於相關傳言，MacbookAir機殼供應商可成表示：「沒聽說。」另有供應商透露，尚未接到蘋果暫緩拉貨動作的訊息，但若真的有零組件供貨不順，確實會影響整體拉貨。蘋果向來在每年6月舉行的全球開發者大會中推出新款筆電，並於當年的7至8月上市。蘋果MacBook概念股包含金屬機殼供應商可成、F-鎧勝，鍵盤廠精元、導光板F-茂林、軸承廠新日興、組裝廠廣達等。斷鏈程度外資難評估日本九州熊本強震衝擊電子業，外資法人指出，半導體產業、智慧型手機供應鏈都可能受到影響，整體而言，實際影響程度尚難以確實評估，但已替接下來消費性電子產品投下斷鏈危機變數。日系大廠索尼（Sony）共有四座CMOS／CCD影響感測器工廠，其中，除山形廠因距離震央較遠未受波及外，包括熊本廠、長崎廠、以及鹿耳島廠，都在此次地震的中央區域九州、甚至震央熊本。根據法人指出，位於熊本縣菊陽町的智慧手機用CMOS影像感測器（CIS）廠房已停工。本土大型投顧機構經過產業調查後指出，Sony長崎與山形工廠目前正常運作，此二生產基地出貨手機CIS比重共約70%至75%，僅主要負責數位相機與監視器感應器的熊本工廠停線，研判對手機CIS出貨影響有限。國安基金緊盯國際情勢日本熊本強震會否導致全球電子業陷入斷鏈危機，引發市場關注，財金部會將密切注意今（18）日台股開盤後動向，剛退場的國安基金也密切注意國際情勢變化。日本強震發生時，歐美股市及台股都未開盤，金管會主委王儷玲昨（17）日表示，市場若有任何變化，金管會都會密切注意。金管會官員表示，市場最擔心的就是不確定因素，相關上市櫃公司若受影響，應透過股市觀測站對外說明。財政部官員則表示，國安基金會密切注意國內外市場變化，尤其今天先開盤的日本股市情況。官員表示，國安基金已退場，但上周委員會議在決議停止護盤的同時，也表示幕僚單位將持續關注國際各項經濟情勢變動及影響情形，必要時得隨時召開會議討論是否再授權執行安定市場任務。熊本二度強震電子業陷斷鏈危機2016-04-1701:13:14經濟日報記者簡永祥／台北報導日本九州接連發生強震，已造成多人死傷。由於昨日凌晨震度高達7.3級，是日本311以來強度最高的地震，震撼全球，尤其九州是日本半導體產業中心，幾乎涵蓋日本所有大廠，包括Sony、豐田合成、三菱電機、瑞薩、東京電子、日本勝高、美商泰瑞達、羅姆阿波羅（RohmApollo）等大廠，都在全球半導體業扮演關鍵地位。半導體業者不斷打聽日廠訊息，業者透露，Sony是全球最大COMS影像感測器供應商，也是蘋果最主要供應商來源，雖然Sony影像感測器最大製造廠在山形縣，離這次震央熊本縣有一段距離，未受到影響，但熊本縣的製造廠，已受地震影響停工，人員也無法進入，估計受創不輕，若沒有充足庫存支應，未來勢必會波及蘋果產品的生產及出貨，導致整個蘋果供應鏈發生斷鏈危機。至於東京威力科創是全球最關鍵微影設備商，也是半導體前段曝光影像關鍵設備，此次也在重震區內，受損情況不明，但牽動晶圓廠擴建進度，牽連範圍涵蓋正進行產能擴充的台灣、南韓、大陸及美國等地。其他重要半導體零組件大廠還包括日本勝高，其為全球第二大矽晶圓供應商，不過日本勝高在台灣與台塑合資台勝科，在麥寮有製造廠，可提供支援。至於其它相關供應鏈，還包括京都陶瓷的半導體元件、三菱動力模組、新日本無線的類比和二極體IC和羅姆阿波邏的主被動元件，相關廠商也正進行估算損失情況，牽動全球半導體供應鏈甚廣。來源：經濟日報","0 "," 238"
"8","長榮航董座林寶水 接任北市航空運輸公會理事長","小咪李貞儀","2016-04-18_12:06","2016-08-13_17:36:09","http://www.moneydj.com/forum/showtopic-123509.aspx","◎◎◎本日綜合財經新聞◎◎◎●周小川在美喊話擴大SDR使用●德馬吉森開放參觀日精銳機台盡出●南海暗戰陸欲構建潛艦庇護所●長榮航董座林寶水接任北市航空運輸公會理事長●地權續期無配套台商憂陸收走房【2016期貨選擇權近月行事曆】2016/04/20●4月份月期貨選擇權結算日2016/04/27●4月份W4小台選擇權結算日2016/05/02●星期一休市沒有開盤/因勞動節補假一天2016/05/04●5月份W1小台選擇權結算日2016/05/11●5月份W2小台選擇權結算日2016/05/18●5月份月期貨選擇權結算日2016/05/25●5月份W4小台選擇權結算日2016/06/01●6月份W1小台選擇權結算日周小川在美喊話擴大SDR使用中時電子報作者記者勵心如╱綜合報導|中時電子報–2016年4月18日上午5:50旺報【記者勵心如╱綜合報導】美國華盛頓當地時間16日，國際貨幣基金（IMF）舉辦國際貨幣與金融委員會（IMFC）會議，G20財金首長與會，討論全球經濟金融形勢與風險等問題，而中國人民銀行（大陸央行）行長周小川再次喊話，要促進全球經濟復甦，應擴大IMF特別提款權（SDR）的使用。去年底，IMF宣布將人民幣納入SDR貨幣籃子，人民幣將於今年10月1日正式納入SDR。在全球經濟發展壓力仍大下，周小川已數次呼籲擴大SDR使用。日前大陸第1季經濟數據亮相，首季數據全數上揚讓大陸官方信心大振，周小川會上也強調，大陸經濟今年以來開局良好，尤其3月經濟指標與1、2月相比明顯回升，大陸經濟成長的結構與質量不斷改善。陸經濟成長質量改善他表示，大陸將靈活適度實施穩健的貨幣政策，保持流動性合理充裕。近期外匯市場回穩，人民幣對一籃子貨幣匯率保持基本穩定，大陸將持續推動供給側結構性改革與金融改革，「中方有信心識別並及時化解可能的風險，保持大陸經濟金融穩定」。周小川再次呼籲，應擴大SDR的使用，他表示，SDR能夠解決當前國際貨幣體系的缺陷和矛盾，應從現在起循序漸進擴大SDR的使用，包括以SDR作為報告貨幣、發展SDR計價的資產市場等。4月以來大陸已同時發布以美元和SDR做為報告貨幣的外匯存底資料，大陸也將積極研究在大陸發行SDR計價債券的可能性。綠色金融陸發展重點根據華爾街見聞報導，IMFC表示，去年10月以來，全球經濟成長下行風險顯著增加，導致經濟全面放緩以及資本流動驟然降低的可能性大增，採用強力政策對刺激成長和避免通縮風險至關重要。而對SDR投票比例的新一輪評估將於2017年底前完成，IMFC認為新興市場以及發展中國家發言權應該增加。另外，在美國銀行、保爾森基金會舉辦的「綠色金融」論壇上，周小川透露，綠色金融是大陸發展重點，他表示，今年首季大陸發行逾500億人民幣的綠色債券，大約占同期全球綠色債券的一半，預期未來5年內，大陸每年需要在綠色領域投資約6000億美元，是現在綠色投資水平的2倍。from:中時電子報https://tw.news.yahoo.com/周小川在美喊話-擴大sdr使用-215006615--finance.html德馬吉森開放參觀日精銳機台盡出中時電子報作者李淑慧|中時電子報–2016年4月18日上午5:50工商時報【李淑慧】全球知名工具機領導廠DMGMORI德馬吉森精機，肩負引領產業發展趨勢的使命，重視市場脈動，了解客戶需求，開發市場適合的產品，DMGMORI世界各地服務據點每年舉辦2<U+223C>3次openhouse活動，展現最新的產品及技術。德馬吉森台灣於日前舉辦開放參觀日活動，展示精銳機種，精心策畫研討會，對台灣產業發展助益極大。去（2015）年整體景氣普扁遍不佳，然而DMGMORI德馬吉森台灣營運逆勢成長，不僅僅在於DMGMORI產品及技術優越受肯定，同時彰顯台灣在高階精密加工需求成長所造就。此次的開放參觀日活動聚焦在三個主軸：工業4.0、自動化議題，刀具應用，臥式加工機於汽車零組件之應用等產業發展趨勢和創新技術。現場展示11台精銳機種，包括車床、銑床、銑╱車複合加工機及刀具設定儀等產品，DMGMORI專家與合作夥伴共同策畫專題研討會，包括：加工循環、自動化、刀具技術及大型機器等主題。德馬吉森台灣總經理王繼聖為與會來賓剖析市場趨勢及產業發展脈動。王總經理表示，航太工業將是近五年內重要的話題，許多業者皆能因航太業發展受益，特別是飛機零件加工市場性極佳。DMGMORI德國總部協助長榮航太引擎技術移轉，擁有日本、德國專業技術團隊的DMGMORI，專對各產業規畫「交鑰匙方案」，由不同切削技術、機床及自動化系統與輔助設備之間相互配合創造出最高生產力。汽車業更是MORI強項之處，在日本，MORI與TOYOTA合作密切，TOYOTA租MORI廠內用地利於其維修及自動化服務獲得最佳效率，業者對困難度高的汽車零件工件，可借助DMGMORI團隊規畫全套設備提升競爭力。DMGMORI旗下設立自動化部門，培養自動化領域人才，更與國外當地的廠商搭配自動化系統提供在地服務，目前市場上工業4.0及自動化生產聲浪益響，王總經理透露，該公司規畫將在九月舉辦以自動化主題的研討會因應市場需求，值得期待。from:中時電子報https://tw.news.yahoo.com/德馬吉森開放參觀日-精銳機台盡出-215006764--finance.html南海暗戰陸欲構建潛艦庇護所中時電子報作者記者林永富╱綜合報導|中時電子報–2016年4月18日上午5:50推薦0旺報【記者林永富╱綜合報導】中美都在南海積極部署軍力，除了海上機艦之外，海面下的權力爭奪也在暗中進行。美媒點出，美國、中國大陸、印度、越南、印尼、馬來西亞和澳洲都謀求在未來幾年內升級潛艦性質；中國欲控制整個或部分南海地區的強烈願望，在一定程度上是為了想給自己的潛艦構建庇護所。美國太平洋艦隊司令斯威夫特說，這是該戰區「不安情緒的折射」，涉及的不僅僅是中國。美國《華盛頓郵報》網站13日發表題為〈南海緊張局勢引發擔憂，水下的潛艦戰同樣受到關注〉的報導提到，南海各國潛艦的數量不但日益增加，且型號繁多，而且廣泛部署在太平洋地區；一些國家的安全顧問推測，中國控制整個或部分南海地區的強烈願望，是為了想給自己的潛艦構建庇護所；南海部分水域有水深超過2400公尺的海溝，可以提供潛艦藏身之所。美國國防情報局局長斯圖爾特3月在向參議院軍事委員會作證時預測，解放軍可能會繼續在南海投入更多軍備，這些軍備可能會再度加強中國在這一地區的「反介入╱區域拒止」的能力。打擊海盜實為展軍力《華郵》指出，去年中國首次出動094型（晉級）彈道飛彈核潛艦巡航；據美國國防部去年公布的有關中國軍事行動的年度報告稱，中國還在2014年首次向印度洋部署攻擊型潛艦，表面看是為了支援打擊海盜的行動，但是實際上是為了熟悉這一地區，並展示軍力。美將投入80多億美元斯威夫特說，潛艦是極有價值的資產；他表示，南海部署的防空飛彈和其他武器旨在阻止敵軍的行動，但是潛艦不受影響；一旦發生衝突，在那些水面艦艇或空中力量會激烈爭奪的地區，潛艦將可以不受限制地進入那些地區。美國國防部長卡特上周說，明年將投入80多億美元，以確保美國擁有全球最致命、最先進的水下和反潛力量。from:中時電子報https://tw.news.yahoo.com/南海暗戰-陸欲構建潛艦庇護所-215006889--finance.html長榮航董座林寶水接任北市航空運輸公會理事長NOWnews作者記者馬怡健／綜合報導|NOWnews–2016年4月17日上午8:58台北市航空運輸商業同業公會已於15日召開第九屆第三次會員代表大會暨第二次理事會議，會中補選理事長、理事及監事，由長榮航空公司董事長林寶水接任第九屆理事長，新任理事為中華航空總經理張有琚B長榮航空總經理陳憲弘，新任監事為復興航空執行長陳欣德。長榮航空表示，林寶水理事長將秉持本會宗旨與服務精神，藉由團體組織來凝聚同業的力量，繼續在兩岸空運主管機關與業者間扮演溝通橋樑，共同為民航事業發展及大眾利益謀取最大福祉。台北市航空運輸商業同業公會現有服務團隊常務理事為中華航空董事長孫洪祥及遠東航空營運長曾金池；常務監事為立榮航空首席副總經理陳雄智。理事包括：復興航空董事長林明昇、立榮航空董事長林志忠、華信航空副總經理張酉光、立榮航空財務部協理劉康壤、華信航空公關室協理徐正權、遠東航空總經理黃宋丞；監事包括：長榮航空財務本部副總經理蔡大煒。from:NOWnewshttps://tw.news.yahoo.com/長榮航董座林寶水-接任北市航空運輸公會理事長-005858192.html地權續期無配套台商憂陸收走房中時電子報作者特派員王揚宇╱上海報導|中時電子報–2016年4月18日上午5:50旺報【特派員王揚宇╱上海報導】大陸住宅土地使用年限最多70年，不過溫州卻出現一件只有20年的個案，民眾得多花至少1/3的房屋售價，作為續期費用，這引來在大陸置產的「百萬台商」關注，擔心期滿房子被政府收回；業內人士指出，按現行規定，房屋土地使用權到期可直接續約，但要以哪種方式續約，大陸尚未公布相關配套，唯一可預期的就是得付費續期，所以不必太過擔心。比較兩岸房市差異，台灣屬私有化市場，土地、建物是個人財產；對大陸來說，土地為國家資產，開發商蓋房必須支付土地出讓金（租用），換來土地使用權，這筆費用再攤到房屋價格上，使用年限最高為70年。過戶須再花1/3房價不過，溫州近日出現一宗奇怪的購屋糾紛，民眾買屋辦過戶時才得知，房子僅有20年的住宅土地使用期，不像大家熟知的70年，而且使用期限也過期，必須再花房價的1/3至一半價格續期，才有辦法取得土地證後過戶；會有這種情況，據中國經濟網報導，這與當年政府的「決策」有關，而明年還有600多套房的使用權將到期，是個棘手問題。溫州相關政府官員指出，現行住宅土地使用年限一般來說是70年，但在1990年代，為緩解開發商的資金壓力，考量有的人無法交足70年，才訂出最少交20年的規定，但大陸官方目前尚未制定具體續期、補繳標準，就此個案只能先參照國有土地出讓做法，由第三方機構評估土地價格等方式，算出出讓金額，也希望大陸能趕緊推出相關措施。現行規定會自動續期「時間到了自然會有規定！」上海市台協副會長蔡世明說，過去大家在傳住宅土地使用權到期，房子就會被政府收回，但按現行《物權法》的規定，「住宅建設用地使用權期滿的，自動續期」，民眾不用太過擔心，但該如何續期，或者是要不要繳納土地出讓金與繳納標準等，雖然現在都沒有具體規定，但大家要有心理準備，應會採用補（交）出讓金方式續期。在上海從事不動產行業的台商認為，溫州這起個案，能加速大陸政府制定土地使用權期滿的配套政策，「交錢也是最簡單的方式」，而民眾在購屋時也要仔細了解住宅土地使用年限的剩餘期間，保障自身權益，通常來說，使用權將屆滿的房子，價格應會比較低，例如同一標的物，有70年使用權的物件，會比有50年使用權來的貴。from:中時電子報https://tw.news.yahoo.com/地權續期無配套-台商憂陸收走房-215006230--finance.html","0 "," 185"
"9","趨勢大師：呂宗耀挑績優權值穿戴股","大昌高淑玲","2016-04-18_11:06","2016-08-13_17:36:11","http://www.moneydj.com/forum/showtopic-123503.aspx","趨勢大師：觀望氣氛濃台股靜待Q1業績2016年04月18日台股指數目前在年線附近整理，成交量縮減至900億以下，觀望態度濃。從國安基金退場觀察，歷來5次國安基金退場後1個月台股表現，僅2次上漲，漲幅最大9.1%，國安基金本月退場後，盤面不確定風險增加，基本面確實優質個股，將成當下台股在觀望氣氛中，成為資金進駐的最大依靠。中小型股下波漲勢台股公告3月營收中，774家年增率正成長，其中332家大於20%，相對於2月273家，企業獲利明顯提升。時序進入第1季財報公告前夕，首季業績增長與獲利亮眼的中小型股，可望為下波上漲最大動能。從台灣經濟觀察，3月海關進出口227.2億美元，年減11.4%，連續14個月負成長，主因包括全球經濟成長趨緩、原物料價格低檔等，其中佔出口比重3成的電子零組件，減幅已連續4個月縮小至年減1.4%，電子產業逐漸從谷底復甦，對台股，這是好現象。從國際股市觀察，受惠油價攀升，美國道瓊、S&P500自低點分別上漲14.4%、13.8%，創今年來新高。中國3月出口成長11.5%，去年6月來首度正成長，帶動上証、深證指數也創下近3個月新高，市場反應樂觀。從油價觀察，2周以來反彈約16%，站上4個月來新高，且據估5月美國頁岩油日產量將降至近2年來新低的484萬桶，以及15個產油國齊聚杜哈舉行原油產量會議，皆有利油價穩定，激勵全球股市上攻行情。挑績優權值穿戴股回看台股，上周外資買超280億元，台指期多單未平倉達4.9萬口高水位，看多意味濃。大盤融資餘額仍低於1400億，距今年初最低1323億僅增加77億，籌碼相對穩定。現階段到5月中是公司基本面數字公告最密集時期，從去年財報績優、今年第1季營收成長股找趨勢，布局第2季台股領先族群。1.3月營收亮眼與去年第4季毛利提升族群：如砷化鎵磊晶廠全新、專業音訊器材廠漢平、工業電腦廠廣積、連接線材廠岳豐、液晶顯示器模組廠晶采、光通訊元件廠的光聖、聯鈞等，值得追蹤。2.穩定成長權值股族群：在市場觀望氛圍下將受青睞，如晶圓代工廠台積電；電信龍頭商中華電、台灣大；受惠近期油價回穩的台塑、台化等。3.穿戴裝置相關族群：美國穿戴裝置公司Fitbit產品熱銷，今年穿戴裝置將維持20%以上成長，相關供應商如連接器廠矽瑪、PMOLED面板廠智晶，值得留意。","0 "," 321"
"10","熊本強震 iPhone 7出貨恐遞延","大昌期貨~林靜怡","2016-04-18_11:03","2016-08-13_17:36:13","http://www.moneydj.com/forum/showtopic-123502.aspx","熊本強震iPhone7出貨恐遞延日本熊本強震震傷半導體與光學供應鏈，恐導致蘋果iPhone7新機拉貨受影響之際，歐系外資點名，蘋果新款MacbookAir筆電供應鏈雖未受強震波及，但傳出關鍵零組件供貨不順，導致MacbookAir新機出貨時間恐延後，使蘋概股短期後市再度蒙塵。歐系外資出具報告指出，Macbook受零組件量產延遲影響，出貨時間可能從第2季中旬延後到第2季底或第3季初，但此次零組件供應不順，與熊本強震無關。市場猜測，由於新款MacbookAir將大改款，可能因為許多零組件升級狀況不如預期，因而延誤交期。法人指出，iPhone與MacbookAir是現階段維繫台灣電子業出貨的兩大主要動能，隨著熊本強震導致索尼供應蘋果的CMOS感測元件（CIS）產能受創，迄今尚無法估計影響，MacbookAir也傳出零組件供貨不順可能導致延後出貨的問題，對台灣鴻海、和碩、廣達、可成等後市，影響不小。此外，蘋概股占台股權重不小，也是台股人氣指標，台積電、大立光法說會均坦言高階手機市況不佳，間接證實蘋果iPhone出貨狀況低於預期，此時iPhone與MacbookAir也傳出供應鏈不順的問題，對今天台股走勢的影響，值得關注。蘋果Mac系列筆電去年出貨大放異彩，全球市占率衝上10.3%，首度超越華碩、躍居第四名。由於現階段全球筆電需求仍疲弱，相關組件廠都將今年出貨動能放在蘋果新產品上。目前尚無法得知是哪個零組件出貨不順，可能導致新款MacbookAir筆電出貨遞延。對於相關傳言，MacbookAir機殼供應商可成表示：「沒聽說。」另有供應商透露，尚未接到蘋果暫緩拉貨動作的訊息，但若真的有零組件供貨不順，確實會影響整體拉貨。蘋果向來在每年6月舉行的全球開發者大會中推出新款筆電，並於當年的7至8月上市。蘋果MacBook概念股包含金屬機殼供應商可成、F-鎧勝，鍵盤廠精元、導光板F-茂林、軸承廠新日興、組裝廠廣達等。","0 "," 287"
"11","謝金河：政權交替前的台股操作兵法","大昌期貨女王","2016-04-18_10:43","2016-08-13_17:36:15","http://www.moneydj.com/forum/showtopic-123498.aspx","謝金河：政權交替前的台股操作兵法分享【文／謝金河】被證所稅壓縮三年的台股，進入二○一六年表現搶眼，元月在全球金融市場黑天鵝效應中，台股加權指數一度跌到七六二七．八九，到三月已漲到八八四○．七五，這段期間台股拉升了一五．九％，是全球表現相對亮眼的市場之一，這一段期間，外資熱烈買超，尤其是大力加碼台積電與中鋼更是拉升指數的雙箭頭。龐大的棄權棄息壓力不過台股進入三月下旬以後，一方面有國安基金退場的壓力，另一方面繳稅的季節逐漸靠近，加上外資買超力道縮小，台股成交量漸淡，似乎隱藏回檔的壓力，加權指數一度退守到八四三六．五七，這其中最明顯可以感受到中實戶退場的訊號是四月十二日，ＯＴＣ指數下跌二．五七，跌幅是一．九九％，ＯＴＣ今年走勢比加權指數活躍有力，真正原因是證所稅拿掉，有些大戶資金回流，但是四月以來，ＯＴＣ表現相對弱勢，似乎有大戶提前開溜的現象，這是一個值得注意的現象。其次是從時序來看，台股在證所稅退場後，照理說有利台股，但真正影響力在兩稅合一扣抵減半的富人稅，因此，第二季的除權息行情通常只有在海外避稅的「外資」參加，本國投資人都會選擇棄息，因此，股市通常在四月見到最高點，最具代表性的是去年四月廿八日台股在外資力拱台積電的情況下將加權指數推向一○○一四．二八，此後的四個月，台股像是被推下懸崖的車子，一口氣跌到七二○三．○七，這段三千點的大跌，讓大家「痛徹心肺」。台股進入第二季，同樣面臨去年的壓力，首先是龐大的棄權棄息壓力，今年是富人稅上路第一年，高所得者參加除權息，稅率從四○％上升到四五％，二稅合一扣抵減半，再加二代健保附加稅二％，亦即參加除權息，不管有沒有填權息，一半的錢給政府收走，也就是說投資人拿到股息，有一半進到政府口袋，投資人在股海打拚很辛苦，但是不管你有沒有賺錢，政府穩穩拿走一半，賠錢只能摸摸鼻子，所以今年棄權息壓力恐怕史上最大，接下來第二季行情只能看外資，假如外資也腳底抹油，台股下跌壓力就會加大，這是台股最不利的地方。小型飆股的營收不夠大二是台股從元月起漲，累積漲了一千三百點，年報揭露是一次股價調整的機會，現在正在等待季報，最新一段時間市場正在反應十日公布的月營收，及第一季營收報告，所以營收亮眼，第一季財報表現搶眼的個股股價都早已大顯身手了。像是今年最剽悍的遊戲股鈊象股價漲到三○○元以上，首季營收八．一一億，比去年同期成長一二○．七％；倒車雷達的同致三月營收創下一○．三三億歷史新高，首季營收廿九．二一億，成長一○四．三％，股價也漲到五六二元。兩檔股價漲到五○○元以上的個股，像中華電信子公司精測，首季營收五億，成長五一．九％，去年ＥＰＳ一四．七七元，股價漲到七三六元，本益比已很高。另一檔聯亞首季營收六．二五億，營收成長六○．九％，去年ＥＰＳ一四．一五元，股價最高漲到六○一元，ＰＥ也不低。這種小型股飆漲後都面臨一個問題，營收不夠大，像聯亞市值拉到四一○億，但全年營收只有廿億，精測市值到二○○億以上，營收只有一七．二五億，市值營收比太高，也增加介入的風險，這是市場亮度最高的個股，但是股價大多數已充分反應，這是市場高知名度的「明牌」，投資人現在跳進去，利潤恐怕不會太大。今年台股輪到小型成長股像鈊象、同致、精測、聯亞這些小型股當家，大型股只剩台積電挑大樑，而過去搶眼的高價股，今年開始出現不進反退的現象，例如，手機零組件的大立光前三季營收衰退廿一．七％，電子束的漢微科，首季營收比去年同期衰退卅七．三％，這個現象也可以看出市場活躍角色正在換人做。恐慌指數回落低點台股元月起漲，三月見到高點，但此時全球股市卻出現美國Fed不升息，各國股市加緊腳步補漲的現象，台股原本有回檔壓力，但美國Fed不升息，一個是造成美元弱勢，美元指數一度跌到九三．六二七，美元跌也造成原物料明顯上漲，今年以來鐵礦石大漲卅二．一三％，使得壓抑很久的鋼鐵股出現反彈，而紐約油價漲到四一．八美元，北海油漲到四四．九美元，也讓產油國鬆了一口氣。今年以來杜拜原油上漲一二．八四％，紐約原油漲一三．八五％，原物料上漲，也使得新興市場股市出現絕地大反攻。【本文未完，全文詳情及圖表請見《先探投資週刊》1878期；訂閱先探投資週刊電子版】","0 "," 227"
"12","台股本周多空焦點-熊本地震影響的產業及公司生產全停擺","大昌期貨女王","2016-04-18_10:43","2016-08-13_17:36:20","http://www.moneydj.com/forum/showtopic-123497.aspx","熊本強震生產活動全停擺經濟日報編譯謝汶均／綜合外電汽車、電子、觀光業受創豐田、本田、三菱、Sony等當地工廠停工日本九州熊本兩度遭受強烈地震襲擊，當地的空中以及陸上交通幾乎都已癱瘓，旅遊業受重創；Sony、豐田和三菱等許多日本重要企業，都在此設廠，生產活動多已停擺，日本原已疲軟的經濟這下受創更深。九州的汽車生產量占日本逾10%，產能約130萬輛。汽車零件生產商愛信精機（AisinSeiki）專門生產汽車引擎零件的熊本廠也在地震中受創，加上交通中斷，零組件無法送到工廠，因此就算如豐田和日產汽車在當地的工廠未受地震影響，卻仍因為無法取得零件而停擺。豐田汽車表示，其工廠並未受到損害，但他們正在確認供應商的受損情形，豐田九州廠將於18日起分階段停產，此措施會一直延續到23日。本田位於熊本的機車工廠將停工到18日，這座廠房每年生產25萬輛機車。三菱電機旗下兩座位於熊本的工廠也已停工，這兩家工廠一家生產用於汽車導航顯示面板的液晶顯示器（LCD），另一家生產用於各式電子產品變壓器的半導體晶片。三菱汽車則決定從18日晚上到19日整天暫停岡山縣水島工廠的生產，這座工廠離九州並不遠。Sony生產相機及智慧手機用影像感測器的工廠，從14日關閉至今，但位於九州長崎市及大分縣的影像感測器工廠已全面恢復營運。瑞薩電子（Renesas）自14日也關閉生產汽車微控制器的熊本廠。三星電子指出，他們已分散生產影像感測器的工廠，這兩場地震並不會影響到其旗艦商品的生產。在旅遊業方面，中國外交部16日指示民眾在5月16日前都不要前往熊本縣。台股不確定性升高經濟日報記者周克威／台北報導報系資料照台股上周大漲百餘點，暫時化解轉空危機。本周雖有台指期可能拉高結算、新加坡貨幣政策意外寬鬆、微軟等美系大廠財報將優於預期等三大利多助威，有益台股進一步走揚，不過，日本強震恐造成電子業斷鏈危機，台股短線出現高度不確定性。法人指出，本周台股共有三大利多撐持。台新投顧總經理李鎮宇即指出，本周包括IBM、英特爾、高通、微軟、GOOGLE等美系科技巨擘財報將陸續揭曉，已知包括微軟等大廠多優於預期；台廠如漢微科等台股法說會也將陸續登場，第2季前景將是法人加減碼的重要關鍵。資金面上，財子學堂創辦人林成蔭指出，在新加坡意外寬鬆後，短線留意主要亞幣是否出現新一波競貶，特別是日圓、韓元與新台幣三者的升貶關係，以及對國內產業的影響。整體來說，資金面仍將有利台股後市表現。日盛投顧總經理李秀利認為，本周最重要的焦點，在於周三台指期結算，結算後的外資動向、是否持續多單布局，將是今年520行情的觀察焦點。豐沃投資董事長鄭培敏分析，4.9萬口台指期多單不是小數字，指數每跳動一點就是約900萬元的輸贏，目前4月台指期外資成本估算在8,650點左右，所以預期台指期將拉高結算。台股本周在三大利多的加持下，指數向上運動的可能性大增。不過，日本熊本上周末再次強震，恐造成電子業的斷鏈危機，並波及包括蘋果、華為、LG的智慧機出貨表現，為市場投下不確定性變數。日本311大地震時，曾一度造成各式特用化學的供應斷鏈，衝擊全球電子產業甚鉅，台股並在往後的兩個交易日內重挫超過300點。而今日本熊本地震引動的斷鏈危機再起，恐對台股本周的多頭走勢產生負面拉力。","0 "," 312"
"13","投信Q2布局的個股是 ??? -大昌桃園 蔡若昀","蔡若昀","2016-04-18_10:34","2016-08-13_17:36:22","http://www.moneydj.com/forum/showtopic-123495.aspx","<U+2764><U+2764><U+2764><U+2764><U+2764><U+2764><U+2764><U+2764><U+2764><U+2764><U+2764><U+2764><U+2764><U+2764><U+2764><U+2764><U+2764><U+2764><U+2764><U+2764><U+2764><U+2764><U+2764><U+2764><U+2764><U+2764><U+2764>上市櫃公司第1季營收全數公布，進入法說會舉行高峰，各企業營運展望除了預示產業風向，也成為投信基金調節持股、汰弱留強的憑據，以利在第2季績效衝刺取得領先。根據統計，第1季績效前十強的台股基金依序是保德信店頭市場、安聯台灣科技、日盛小而美、德信數位時代、復華中小精選、德信台灣主流中小、復華全方位、保德信第一、復華高成長、日盛MIT主流，單季績效都自9.7%起跳，遠勝大盤的4.8%。與去年底前十強基金比較，除了德信數位時代，其他九檔全數洗牌，顯示今年來台股上沖下洗，基金操盤難度提升。隨時序步入第2季，國內經濟景氣尚未完全復甦，業界認為各基金競爭將更加激烈。外資投信指出，3月上市櫃公司公布年報，基金圈便開始著手調整第2季持股，近期企業第1季營收出爐，密集召開法說會，更是汰弱留強時機。其中，調整策略可分為兩方向，一是第1季賣超，第2季或下半年營運轉佳，由賣轉買的回補股；二是第1、2季都持續加碼的強勢股，續航力依舊看好。根據以上，統計投信首季賣超、持股比率下降，但第2季轉買超，持股比率增加個股，包括東洋（4105）、千附、台泥、國喬、智原、宜特、F-百和、瑞昱、榮化、信邦、奇力新、南六、鴻海等「出運」股，4月以來買超在千張以上，籌碼轉強。在連續獲得加碼個股，則有正新、華新科、京元電、敬鵬、台半、良維、漢平、F-綠悅、華研、邦特和大江等，第1季營收皆年成長，增長力道可望延續，屬於中長線看好的趨勢股，短期線型也明顯翻多，展現十足爆發力。出處：http://udn.com/news/story/7251/1...A%E9%81%8B%E8%82%A1FB：https://www.facebook.com/s9062312002FB：https://www.facebook.com/s9062312002<U+2764><U+2764><U+2764><U+2764><U+2764><U+2764><U+2764><U+2764><U+2764><U+2764><U+2764><U+2764><U+2764><U+2764><U+2764><U+2764><U+2764><U+2764><U+2764><U+2764><U+2764><U+2764><U+2764><U+2764><U+2764><U+2764><U+2764>詳情手續費問題請點我歡迎加好友閒聊【股票】、【期貨】、【選擇權】LINEID：ggoodd99","0 "," 191"
"14","盤中焦點股：新鋼、F-TPK、系微、橋椿、美律、安克","大昌期權天后洪紫瑜","2016-04-18_10:33","2016-08-13_17:36:23","http://www.moneydj.com/forum/showtopic-123494.aspx","《台北股市》盤中焦點股：新鋼、F-TPK、系微、橋椿、美律、安克2016/04/1809:44時報資訊【時報-盤中焦點股】1.新鋼(2032)：國際鎳價攀升，激勵股價跳漲逾6.5%。2.大成鋼(2027)：國際鎳價攀升，不理外資15日轉賣超，今放量跳漲逾5%。3.商丞(8277)：追價買盤踴躍，推升股價逆漲逾2.5%。4.精材(3374)：股價跌多且深，今逆勢彈升逾2%。5.聯電(2303)：接單暢旺，外資連日擴大買超，今人氣不墜，股價逆漲約1.5%、攻克月線。6.江申(1525)：外資、投信同步買超，早盤漲逾7%。7.F-TPK(3673)：不甩大摩降評，多頭點火，早盤漲逾4%。8.慶騰(4534)：買盤近期積極敲進，早盤帶量漲逾6%。9.協易機(4533)：今起暫停融券賣出，早盤漲逾4.5%。10.系微(6231)：打入無人機供應鏈，股價連2日拉高，開盤再鎖漲停。11.威盛(2388)：將與上海海隆軟體進軍太陽能市場，上周五股價創波段新高，今續漲逾8.5%。12.F-世芯(3661)：外資上周五轉買超，今股價表現勝大盤，漲近4.5%。13.台航(2617)：BDI指數攀高，外資上周五轉買超，今股價漲逾3%。14.大飲(1213)：飲料旺季到，且受惠原物料跌價，業績看旺，股價修正後再攻，早盤逆勢走高1%以上。15.遠百(2903)：母親節檔期+日圓狂升吸引消費回流，股價抗跌，持穩於5日線高檔。16.橋椿(2062)：首季獲利創5季新高，每股稅後盈餘1.32元，股價大漲7%。17.浩鼎(4174)：內線交易案，董事長張念慈、總經理黃秀美等5人改列被告，翁啟惠今將赴立院專案報告，早盤賣壓湧現，一度重挫半根停板。18.美律(2439)：市場傳出有機會在蘋果下半年將推出的iPhone中取得15~20%的EarPods訂單，連四日獲投信買超1088張，早盤衝高大漲5%，再登今年高峰。19.安克(4188)：高階醫材軟體授權大陸，取得授權金1.6億元，早盤獲多頭點火大漲逾6%，站上各均線。好康股票網路下單手續費便宜、優惠哦!~台指期+選擇權給你優惠價手續費，你願意來開戶嗎？大昌尋找期貨.選擇權客戶~~給您優質手續費~還不快看全台夯夯夯手續費在大昌誠信大昌不怕您比較~~全民拼經濟，給您有心價一起拼經濟，只要花您一分鐘時間來電，大昌給您物超所值的價格，打過都說好。別輸在起跑點！！不限口數讓您擁有驚喜優惠價，別再讓手續費影響您的獲利了！！相信您所看到的！！你還在猶豫嗎？心動不如馬上行動！好康優惠通通送給你~~，您還在等什麼？只有老闆不在才有的價格，還不快來電！！★選擇權和期貨手續費驚喜價大昌手續費讓您作夢都會笑喔只要您願意來電~~真的不用到處比價.直接給您~期貨.選擇權.海外複委託手續費便宜的優惠價格大昌全省預約開戶專線：0989283862差很大咩！您~還在等甚麼?!期權手續費$$$夯夯夯.趕快拿起您的電話一經開戶即享有優惠手續費優惠價格喔!合法<U+52B5>商不怕比較，服務貼心只要一通電話即可辦理！錯過可惜喔~點我立即免費洽詢我要預約開戶歡迎來電洽詢電話02)268169000989283862洪紫瑜公司電話02)26756088轉358mail:jeff871014@yahoo.com.tw部落格:http://jeff0989283862.pixnet.net/blog大昌證券股份有限公司樹林分公司新北市樹林區復興路11號＊網路系統下單有一定風險，請交易人參考並特別留意控管！證券商許可證照字號:99金管證總字第0054號委任期貨商:大昌期貨股份有限公司歡迎大家來我的粉絲頁逛逛+按讚喔!!大昌期權天后洪紫瑜FB粉絲頁大昌證券24h全天線上證券開戶服務熱列開跑囉請指定樹林分公司營業員洪紫瑜為您服務線上開戶請按我海外複委託－投資理財全球化資產配置多元化","0 "," 241"
"15","0418盤中焦點股：新鋼、F-TPK、系微、橋椿、美律、安克","鴨寶&押寶","2016-04-18_10:06","2016-08-13_17:36:25","http://www.moneydj.com/forum/showtopic-123489.aspx","1.新鋼(2032)：國際鎳價攀升，激勵股價跳漲逾6.5%。2.大成鋼(2027)：國際鎳價攀升，不理外資15日轉賣超，今放量跳漲逾5%。3.商丞(8277)：追價買盤踴躍，推升股價逆漲逾2.5%。4.精材(3374)：股價跌多且深，今逆勢彈升逾2%。5.聯電(2303)：接單暢旺，外資連日擴大買超，今人氣不墜，股價逆漲約1.5%、攻克月線。6.江申(1525)：外資、投信同步買超，早盤漲逾7%。7.F-TPK(3673)：不甩大摩降評，多頭點火，早盤漲逾4%。8.慶騰(4534)：買盤近期積極敲進，早盤帶量漲逾6%。9.協易機(4533)：今起暫停融券賣出，早盤漲逾4.5%。10.系微(6231)：打入無人機供應鏈，股價連2日拉高，開盤再鎖漲停。11.威盛(2388)：將與上海海隆軟體進軍太陽能市場，上周五股價創波段新高，今續漲逾8.5%。12.F-世芯(3661)：外資上周五轉買超，今股價表現勝大盤，漲近4.5%。13.台航(2617)：BDI指數攀高，外資上周五轉買超，今股價漲逾3%。14.大飲(1213)：飲料旺季到，且受惠原物料跌價，業績看旺，股價修正後再攻，早盤逆勢走高1%以上。15.遠百(2903)：母親節檔期+日圓狂升吸引消費回流，股價抗跌，持穩於5日線高檔。16.橋椿(2062)：首季獲利創5季新高，每股稅後盈餘1.32元，股價大漲7%。17.浩鼎(4174)：內線交易案，董事長張念慈、總經理黃秀美等5人改列被告，翁啟惠今將赴立院專案報告，早盤賣壓湧現，一度重挫半根停板。18.美律(2439)：市場傳出有機會在蘋果下半年將推出的iPhone中取得15~20%的EarPods訂單，連四日獲投信買超1088張，早盤衝高大漲5%，再登今年高峰。19.安克(4188)：高階醫材軟體授權大陸，取得授權金1.6億元，早盤獲多頭點火大漲逾6%，站上各均線。http://www.chinatimes.com/realtimenews/20160418002363-2604100418專題~車聯網","0 "," 216"
"16","操盤心法－業績有撐高殖利率股 仍為盤面主流","大昌樹林~游燕玲","2016-04-18_09:40","2016-08-13_17:36:30","http://www.moneydj.com/forum/showtopic-123488.aspx","市場分析：受惠中國大陸公布3月進出口貿易數據優於預期利多，舒緩全球投資人對於中國經濟前景擔憂，再加上美股金融業財報不差，激勵全球股市連袂走強。台股跟隨全球股市漲勢，不過台積電、大立光兩大產業龍頭第二季財測展望保守，略壓抑電子股漲勢，傳產股相對較有表現。觀盤重點：未來幾周將會進入美股超級財報周，由於今年以來分析師對於美國S&P500企業首季獲利預估值下修幅度已達9.8％，高於過去五年及十年均值，市場對企業獲利的預期已低，因此反而財報優於預期的可能性提升，加上聯準會維持鴿派立場，評估短期內全球投資氣氛仍將維持正向發展，有利於資金回流台股市場。投資建議：高殖利率是吸引外資進入台股的主因，因此有實質業績的高殖利率族群仍是4、5月的盤面主流，目前台股整體殖利率約4％，在低利環境下仍具投資優勢。第二季可多加留意外資買方走向，以及第二季具有法說展望成長與新趨勢題材的相關個股，電子族群可留意半導體股、車用電子族群，傳產族群可聚焦汽車零組件、中概收成股等具有評價面優勢的產業個股。在半導體方面，去年第二季以來半導體市場一直存在庫存去化的壓力，包含全球3C產品的平均庫存天數也高於五年均值，不過，至今年第一季開始，半導體、3C產品的平均庫存天數逐漸下調、庫存去化接入尾聲，對比去年基期，市場估計今年第二季半導體將有機會恢復成長力道。2016年亞洲消費電子展將於五月中在上海舉行，在汽車智慧聯網的趨勢推動下，汽車電子化趨勢成型，未來車用電子及安全輔助駕駛等需求將日益湧現，汽車電子市場蓬勃發展將拉抬相關產業個股具技術與客製化優勢的廠商成長力道，亦將可開創新一波成長動能。汽車由交通工具轉為高科技精品、應用範圍甚廣，包含車用LED照明設備、防撞感測元件、安全輔助駕駛的環車影像鏡頭、抬頭顯示器，以及車用驅動馬達等，這些環節將牽動電子、傳產族群跨領域互惠，隨著蘋果、Google投入無人駕駛車輛的研發，更將提高全球供應鏈對於智慧車與智聯網資訊系統的關注。第二季雖然是台灣及中國車市銷售淡季，卻是以歐美外銷為主的汽車零組件廠營運逐步邁入旺季的開始，預期4、5月份為出貨高峰期，建議可搭配第一季財報公布結果，伺機布局財報亮眼的個股。此外，目前塑化上游原料及下游產品陸續止跌回穩，且農曆年前後下游廠商仍處於低庫存，第二季仍有補庫存的需求支撐，可正向看待塑化股表現，其中以PVC、PP及乙烯最為看好，SM亦可逢低留意。http://www.chinatimes.com/newspapers/20160418000198-260206","0 "," 186"
"17","外資擁抱 12檔吸金","大昌佳臻","2016-04-18_08:54","2016-08-13_17:36:32","http://www.moneydj.com/forum/showtopic-123487.aspx","2016年04月18日外資上周買超逾千張上櫃股櫃買市場上周震盪拉回，周K線收黑且櫃買指數跌破季線，面臨月線攻防戰，不過外資上周擴大買超櫃買市場26億餘元，而且12檔周買超量高於千張個股，包含台燿（6274）、先豐（5349）、宇隆（2233）等股價逆勢上揚，後市持續受到關注。上周五櫃買指數震盪拉回收128.36點小跌0.02％，當日三大法人淨買超金額1.34億元，其中外資當日再加碼2.62億元，投信小買0.25億元，自營商則賣超1.34億元；上周累計三大法人淨買超為23.52億元，其中外資就買超達26.16億元，投信及自營商分別買超2.42億元賣超、5.06億元。4月來三大法人累計買超部位高達60.09億元外資累計買超金額46.81億元（占78％比重），投信累計買超金額12.98億元（占21％比重），至於短線進出為主的自營商，4月來累計買超金額僅0.28億元。檢視外資上周主要買超上櫃股，包含世界、台燿、先豐、群聯、美時、伍豐、中裕、宇隆、聯亞、宜特、僑威、晟德等12檔，外資周買超量都超過千張，尤以世界買超量4,894張居首位，台燿、先豐、群聯等周超量分別為3,220張、2,467張、2,096張，美時的周買超量也有1,807張，其餘的伍豐、中裕、宇隆、聯亞、宜特、僑威、晟德等7檔個股，周買超量介於1,000張到1,500張之間。該12檔外資買超題材加持股，有台燿、先豐、美時、伍豐、中裕、宇隆、宜特、僑威、晟德等9檔，上周五在櫃買指數震盪走弱之際，都逆勢上揚，台燿股價收高29.35元、漲幅2.44％，先豐、宇隆、宜特、僑威等漲幅超過1％，而中裕及晟德兩檔生技股上漲也逼近1％，表現搶眼。日盛投信分析指出，全球資金在6月才將升息的利多下，資金潮仍將持續，但是接下來台股面臨業績公告與美國財報周影響。外資目前在台指期淨多單部位逼近5萬口，因此僅管產業淡季，但資金充沛效應，將影響台股盤勢持續高檔震盪。(工商時報)","0 "," 233"
"18","2016/04/18 晨訊!!","sdanny","2016-04-18_08:49","2016-08-13_17:36:36","http://www.moneydj.com/forum/showtopic-123486.aspx","0418.jpg(177.23K)2016/4/18上午08:49:272016/04/18多空訊息!http://blog.cnyes.com/My/danny20160119/article2274515今天晨訊供大家參考!一起討論，互相研究！*僅供參考，不做操作建議，營虧自負*也歡迎大家一起跟我加入小丹尼投資團隊LINE@，裡面有更多資訊!而且回復也很快!小丹尼小學堂來囉∼∼小編們為了讓大家更了解什麼是KD520做了一個教學影片給大家看（開放可以留言想要學習的課程）小丹尼將不定期發送小學堂給大家喲https://m.youtube.com/watch?feature=youtu.be&v=RSPOt86C4ao首部曲小丹尼小學堂二部曲來囉<U+22EF><U+22EF>課程焦點：如何使用KD520讓你操作海期買在起漲點、賣在初跌點讓你賺個波段行情解決大家對KD520幾個疑惑KD520的指標是盤中*即時*跳出訊號（而非事後跳出）KD520一定都非常準確嗎？（當大盤屬於盤整狀況的話容易出現訊號頻繁）https://m.youtube.com/watch?v=LhB9Zt0kwlE&feature=youtu.be二部","0 "," 182"
"19","2016/4/18多空訊息","sdanny","2016-04-18_08:25","2016-08-13_17:36:38","http://www.moneydj.com/forum/showtopic-123485.aspx","國內消息2李嘉誠來台投資電動車業3興櫃一周／高鐵成交量稱冠4興櫃新星／聯亞藥新藥拚在美IND5黃金現貨交易爆量6緯軟獲TIPS認證競爭力UP7元山出貨暢旺營運加分8法人買超績優股吸睛9丁二烯走揚台橡笑了10PP三巨頭獲利動能強11豐興鋼筋看漲電爐廠樂12國建四案加持潛利大13燦坤止血退出非核心餐飲14華碩推新機爭霸印尼15法人：今展科全年營收估增9％16紡織雙雄長線買點到17投信Q2布局瞄準出運股18五一商機來了面板雙虎帶勁19安全博覽會概念股／智邦動能強20安全博覽會概念股／雷虎中保商機熱轉21安全博覽會概念股／友訊明泰法人青睞22安全博覽會概念股／晶睿彩富營運看旺23安全博覽會概念股發光24技術指標／均線打氣多頭可續25聯電接單暢旺26近2周台股走勢專家看法分歧27手機廠搶三星CIS擎亞受惠28SUMCO未受強震衝擊台勝科無殃29敦泰新品接棒今年獲利俏30EG回穩南亞、東聯營運添利31萬綠叢中一點紅F-大峽股價飆掛牌新高32利多齊發台橡中橡逐季成長33台塑華夏聯成營收估季增10~20％34上銀、程泰、亞崴砸重金兩岸建廠35外資擁抱12檔吸金36永新去年EPS5.86元每股現...374G吃到飽中華電率先開漲38法規證令及備忘錄39集保3.0跨界獵才40德玻璃暨太陽能展9月20日登場41FinTech夯集保搶人才42股市備忘錄4月18日43全球新創企業籌資新選擇股權群募制法規鬆綁44丁克華上任3大挑戰台股量能列第一45益安上櫃案本周三審議國際消息47貴金屬盤後-金價止跌破每盎司1230美元分析師：負利率支撐金價48美股盤後-能源股與蘋果股價下跌拖累大盤道指本週仍揚1.8%49國際債券新增六檔50本周指標／大陸貨幣寬鬆可能放緩51美財報周牽動台供應鏈52陸經濟回穩旗手交鋒賽加溫53人行逆回購人民幣短期趨貶54美國本周重要經濟數據預覽55權證篇56全民權證／T50反1四檔錢景亮57全民權證／先豐挑價內5％~價外15％58最牛一輪／宜特營收靚永豐VY拉風59指數權證可多空混搭60華研F-VHQ認購火紅61權證教戰／主軸多元輪攻熱點62抓住商機和大、微星權證旺63東陽今年獲利上看5元64期貨篇65期貨商論壇／FB上証ETF向上格局66期貨商論壇／選擇權籌碼面看多67台指期外資持續偏多68一周盤前解析／台指期結算後市指標69價差轉正結算前偏樂觀70累積交易好賺元大期送郵輪之旅71活用CFA50期權參與陸股後市72評論新聞73就市論勢／塑化鋼鐵表現空間大74蔡明彥專欄／航太物聯網亮點75操盤心法－業績有撐高殖利率股仍為盤面主流利空訊息國內消息3九州強震台股不確定性升高4資金鬆vs.季報弱台股防震5觸控面板雙雄下半年營運策略不同大摩降評F-TPK維持F-GIS評等6稅前獲利年減28％...晶技3月營運業績不如預期7恐遭日震災波及法人保守看科技股8錢難賺台股大戶不回頭國際消息10熊本強震經損逾百億美元索尼、豐田宣布停工11歐股盤後-泛歐小跌0.35%收342.79點汽車類股落後大盤12紐約匯市-國際油價下挫美消費者信心指數不振美元指數跌0.2%13索尼CIS廠震損手機廠心驚","0 "," 205"
"20","九州強震 台股不確定性升高","大昌秋如","2016-04-18_08:25","2016-08-13_17:36:41","http://www.moneydj.com/forum/showtopic-123484.aspx","台股上周大漲百餘點，暫時化解轉空危機。本周雖有台指期可能拉高結算、新加坡貨幣政策意外寬鬆、微軟等美系大廠財報將優於預期等三大利多助威，有益台股進一步走揚，不過，日本強震恐造成電子業斷鏈危機，台股短線出現高度不確定性。法人指出，本周台股共有三大利多撐持。台新投顧總經理李鎮宇即指出，本周包括IBM、英特爾、高通、微軟、GOOGLE等美系科技巨擘財報將陸續揭曉，已知包括微軟等大廠多優於預期；台廠如漢微科等台股法說會也將陸續登場，第2季前景將是法人加減碼的重要關鍵。資金面上，財子學堂創辦人林成蔭指出，在新加坡意外寬鬆後，短線留意主要亞幣是否出現新一波競貶，特別是日圓、韓元與新台幣三者的升貶關係，以及對國內產業的影響。整體來說，資金面仍將有利台股後市表現。日盛投顧總經理李秀利認為，本周最重要的焦點，在於周三台指期結算，結算後的外資動向、是否持續多單布局，將是今年520行情的觀察焦點。豐沃投資董事長鄭培敏分析，4.9萬口台指期多單不是小數字，指數每跳動一點就是約900萬元的輸贏，目前4月台指期外資成本估算在8,650點左右，所以預期台指期將拉高結算。台股本周在三大利多的加持下，指數向上運動的可能性大增。不過，日本熊本上周末再次強震，恐造成電子業的斷鏈危機，並波及包括蘋果、華為、LG的智慧機出貨表現，為市場投下不確定性變數。日本311大地震時，曾一度造成各式特用化學的供應斷鏈，衝擊全球電子產業甚鉅，台股並在往後的兩個交易日內重挫超過300點。而今日本熊本地震引動的斷鏈危機再起，恐對台股本周的多頭走勢產生負面拉力。圖／經濟日報提供本文轉載自http://udn.com/news/story/7251/1636308","0 "," 210"
